{
    "ISISSO_d_of_minRL": {
        "1D": 0.07257683705977869,
        "2D": 0.10273257218909415,
        "3D": 0.1512809031192872,
        "4D": -28.74344965949381
    },
    "SISSO_F_of_RL": {
        "1D": 0.177652756389985,
        "2D": 0.35488658434856934,
        "3D": 0.6416088693266644
    },
    "SISSO_Bandwidth": {
        "1D": 0.5539467132679881,
        "2D": 0.6252022160341904,
        "3D": 0.7698518484836079
    },
    "SISSO_minRL": {
        "1D": 0.344023529617296,
        "2D": 0.8408193507269274,
        "3D": 0.8954207172931429
    },
    "SISSO_d_of_minRL": {
        "1D": 0.12303349759037119,
        "2D": 0.3589540463366574,
        "3D": 0.9705571711002606
    },
    "ISISSO_Bandwidth": {
        "1D": 0.4758356996237566,
        "2D": 0.5655877529340447,
        "3D": 0.6469419868573009,
        "4D": 0.7565359177289549
    },
    "SISSO_d_of_Bandwidth": {
        "1D": 0.2661293663314911,
        "2D": 0.40258708869428916,
        "3D": 0.6268411064718495
    },
    "ISISSO_F_of_minRL": {
        "1D": 0.05589892611815228,
        "2D": 0.20418969344498228,
        "3D": 0.30338420796365817,
        "4D": -990.5721127464102
    },
    "ISISSO_d_of_Bandwidth": {
        "1D": 0.08408991602363314,
        "2D": 0.1523490885672415,
        "3D": 0.34742311456759756,
        "4D": 0.4315608798101309
    },
    "ISISSO_minRL": {
        "1D": 0.20132910485443,
        "2D": 0.2578248613560695,
        "3D": 0.6541516987996112,
        "4D": 0.7925739851999616
    }
}