热循环次数,剥落面积百分比,电压(V),电流(A),功率(KW),厚度(μm),氩气(SPLM),氢气(SPLM),载气,送粉量(g/min),喷涂距离(mm)
30,5.885192,66,550,36.3,430,35,5,300,25,120
40,7.321174,66,550,36.3,430,35,5,300,25,120
48,9.811607,66,550,36.3,430,35,5,300,25,120
73,11.80789,66,550,36.3,430,35,5,300,25,120
120,12.10014,66,550,36.3,430,35,5,300,25,120
157,21.38,66,550,36.3,430,35,5,300,25,120
