热循环次数,剥落面积百分比,电压(V),电流(A),功率(KW),厚度(μm),氩气(SPLM),氢气(SPLM),载气,送粉量(g/min),喷涂距离(mm)
30,4.753014,67,600,40.2,430,35,5,300,30,120
40,6.507205,67,600,40.2,430,35,5,300,30,120
72,7.502548,67,600,40.2,430,35,5,300,30,120
110,9.6223,67,600,40.2,430,35,5,300,30,120
157,11.65921,67,600,40.2,430,35,5,300,30,120
200,12.41296,67,600,40.2,430,35,5,300,30,120
240,12.83653,67,600,40.2,430,35,5,300,30,120
253,23.89033,67,600,40.2,430,35,5,300,30,120
