热循环次数,剥落面积百分比,电压(V),电流(A),功率(KW),厚度(μm),氩气(SPLM),氢气(SPLM),载气,送粉量(g/min),喷涂距离(mm)
30,3.665062,68,650,44.2,430,35,5,300,30,120
40,4.13859,68,650,44.2,430,35,5,300,30,120
72,6.683728,68,650,44.2,430,35,5,300,30,120
110,7.135727,68,650,44.2,430,35,5,300,30,120
157,9.585816,68,650,44.2,430,35,5,300,30,120
200,10.15011,68,650,44.2,430,35,5,300,30,120
240,14.97566,68,650,44.2,430,35,5,300,30,120
270,18.65293,68,650,44.2,430,35,5,300,30,120
298,23.71732,68,650,44.2,430,35,5,300,30,120
