{
    "SVR": {
        "剥落面积百分比": {
            "kfolds": [
                0.596478714104082,
                0.7940039546133837,
                0.9008147804734704,
                0.8692119904786906,
                0.84845155979792,
                0.7122914291091571,
                0.8398531331760604,
                0.8879367379175321,
                0.801093803647151,
                0.7906394570605022
            ],
            "ave": 0.8040775560377951
        }
    },
    "RF": {
        "剥落面积百分比": {
            "kfolds": [
                0.7550593464768459,
                0.5540893833657008,
                0.7023889979348472,
                0.7023517221057836,
                0.7273591486727636,
                0.6176172010913391,
                0.7374708564700554,
                0.4812858375874167,
                0.8133869973030967,
                0.7224466488284393
            ],
            "ave": 0.6813456139836289
        }
    },
    "Ridge": {
        "剥落面积百分比": {
            "kfolds": [
                0.4318229989448148,
                0.5441238757708674,
                0.42201925548338703,
                0.5230971545746919,
                0.4489328453199978,
                0.4961212711923133,
                0.5086664330071498,
                0.4560712896369272,
                0.4782295684785953,
                0.48848005791257176
            ],
            "ave": 0.47975647503213165
        }
    },
    "Lasso": {
        "剥落面积百分比": {
            "kfolds": [
                0.43633928477642714,
                0.5312623584665136,
                0.43386308503522275,
                0.5187071979018043,
                0.4525463831055061,
                0.5018941220193447,
                0.48904416029367215,
                0.4583038231229878,
                0.48323599985304244,
                0.4484169277228287
            ],
            "ave": 0.4753613342297349
        }
    },
    "SGD": {
        "剥落面积百分比": {
            "kfolds": [
                0.4439485453818772,
                0.5577208791784194,
                0.42729028136799074,
                0.5160268805180865,
                0.45782965816668486,
                0.4671228632797325,
                0.5231517470154873,
                0.41553761556676017,
                0.4886300408410924,
                0.5137463163757146
            ],
            "ave": 0.48110048276918455
        }
    },
    "Decision Tree": {
        "剥落面积百分比": {
            "kfolds": [
                0.7756854325096938,
                0.22956348086217182,
                0.18993546225035296,
                0.7072487699119134,
                0.6562396701537565,
                0.521359522015911,
                0.6445529933816613,
                -0.1201706848600097,
                0.7302161773783882,
                0.5281937697061131
            ],
            "ave": 0.48628245933099523
        }
    },
    "XGboost": {
        "剥落面积百分比": {
            "kfolds": [
                0.6513834179032868,
                0.5810249623784707,
                0.6471328015345708,
                0.7081821978841345,
                0.7535651467783457,
                0.6046822886313392,
                0.6752499568305588,
                0.3358647914663877,
                0.8455437900449065,
                0.7045510922150481
            ],
            "ave": 0.650718044566705
        }
    }
}