passengers,passenger
0.6942151784896851,0.7029396295547485
0.7342905402183533,0.7452713251113892
0.7305282950401306,0.7396341562271118
0.7191323041915894,0.7276358604431152
0.7116237878799438,0.7198281288146973
0.7193809747695923,0.7278372049331665
0.7333186864852905,0.7420423030853271
0.7463158369064331,0.7552614212036133
0.7529923319816589,0.7619459629058838
0.7548603415489197,0.7637538909912109
