Time,Corrosion rate
12,0.21844
24,0.19251
36,0.18473
48,0.18957
60,0.13556
72,0.12575
84,0.09582
96,0.05682
108,0.07357
120,0.08111
132,0.09582
144,0.06852
156,0.08752
168,0.05852
180,0.07982
192,0.0841
204,0.07142
216,0.07852
228,0.06989
240,0.0772
252,0.06988
264,0.06999
276,0.07121
288,0.06889
300,0.07444
312,0.06882
324,0.07121
336,0.0701
348,0.06899
360,0.07101
